City_ID,City,Country,Date,Lat,Lng,Max Temp,Humidity,Cloudiness,Wind Speed
0,Ayorou,NE,2020-07-09 23:03:39,14.73,0.92,93.63,35,93,7.09
1,Dikson,RU,2020-07-09 22:59:48,73.51,80.55,42.46,84,0,13.71
2,Punta Arenas,CL,2020-07-09 23:03:39,-53.15,-70.92,33.8,86,92,21.92
3,Vardo,NO,2020-07-09 23:02:27,70.37,31.11,47.97,90,100,17.6
4,Grand Gaube,MU,2020-07-09 23:03:40,-20.01,57.66,70.0,77,26,8.01
5,Port Alfred,ZA,2020-07-09 23:03:40,-33.59,26.89,59.0,87,28,1.99
6,East London,ZA,2020-07-09 23:01:19,-33.02,27.91,67.55,52,10,2.04
7,Mugur-Aksy,RU,2020-07-09 23:03:40,50.35,90.5,49.39,70,18,2.93
8,Clarence Town,AU,2020-07-09 23:03:40,-32.58,151.78,57.99,100,75,9.17
9,Hermanus,ZA,2020-07-09 23:03:41,-34.42,19.23,52.0,88,100,14.61
10,Carnarvon,AU,2020-07-09 23:01:52,-24.87,113.63,55.4,47,89,10.29
11,San Andres,CO,2020-07-09 23:03:41,12.58,-81.7,84.2,79,75,4.7
12,Upernavik,GL,2020-07-09 23:03:41,72.79,-56.15,43.47,76,100,4.99
13,Goma,CD,2020-07-09 23:03:41,-1.68,29.22,64.09,63,3,2.93
14,Ushuaia,AR,2020-07-09 23:00:11,-54.8,-68.3,37.4,64,75,16.11
15,Lebu,CL,2020-07-09 22:59:31,-37.62,-73.65,53.91,93,100,23.44
16,Hambantota,LK,2020-07-09 23:02:53,6.12,81.12,80.19,79,76,14.18
17,Tasiilaq,GL,2020-07-09 23:03:42,65.61,-37.64,44.6,65,100,14.99
18,Benghazi,LY,2020-07-09 23:03:42,32.12,20.07,76.5,76,0,16.93
19,Puerto Ayacucho,VE,2020-07-09 23:03:42,5.66,-67.62,91.4,49,20,6.93
20,Port Elizabeth,ZA,2020-07-09 23:00:05,-33.92,25.57,59.0,82,56,8.05
21,Kindu,CD,2020-07-09 23:03:43,-2.95,25.95,74.89,63,63,0.6
22,Sinjar,IQ,2020-07-09 23:03:43,36.32,41.88,86.61,20,0,14.61
23,Bandipur,NP,2020-07-09 23:03:43,27.93,84.42,69.15,100,100,1.43
24,Saint-Philippe,RE,2020-07-09 23:03:43,-21.36,55.77,68.0,82,75,16.11
25,Ponnampet,IN,2020-07-09 23:03:44,12.15,75.93,75.2,94,75,1.12
26,Chuy,UY,2020-07-09 23:02:03,-33.7,-53.46,45.73,80,6,8.99
27,Santa Maria,BR,2020-07-09 23:03:44,-29.68,-53.81,48.2,87,2,3.36
28,Cape Town,ZA,2020-07-09 23:02:56,-33.93,18.42,53.01,87,75,10.29
29,Estelle,US,2020-07-09 23:03:44,29.85,-90.11,96.01,75,40,9.17
30,Praia,CV,2020-07-09 23:00:32,14.92,-23.51,78.8,74,75,10.29
31,Qaanaaq,GL,2020-07-09 22:59:36,77.48,-69.36,46.81,55,99,1.05
32,Lixourion,GR,2020-07-09 23:03:45,38.2,20.43,74.7,74,0,2.86
33,Kahama,TZ,2020-07-09 23:03:45,-3.83,32.6,64.18,70,6,4.85
34,Porto Novo,BJ,2020-07-09 23:03:45,6.5,2.6,76.24,85,100,6.73
35,Barka Kana,IN,2020-07-09 23:03:45,23.62,85.48,79.14,79,100,7.99
36,Hashtrud,IR,2020-07-09 23:03:46,37.48,47.05,66.02,59,21,5.17
37,Teseney,ER,2020-07-09 23:03:46,15.11,36.66,79.3,59,100,7.99
38,Hamilton,US,2020-07-09 23:00:35,39.18,-84.53,87.01,74,1,2.62
39,Longyearbyen,SJ,2020-07-09 23:00:58,78.22,15.64,44.6,87,75,8.05
40,Busselton,AU,2020-07-09 23:03:47,-33.65,115.33,36.0,87,0,7.0
41,Arlit,NE,2020-07-09 23:03:47,18.74,7.39,95.09,22,73,4.47
42,Clyde River,CA,2020-07-09 23:03:47,70.47,-68.59,41.0,93,75,8.05
43,Khuzdar,PK,2020-07-09 23:03:47,27.74,66.64,79.03,65,40,5.55
44,Torbay,CA,2020-07-09 23:03:47,47.67,-52.73,57.0,76,90,10.29
45,Saint-Augustin,CA,2020-07-09 23:01:41,51.23,-58.65,56.46,94,100,12.39
46,Ilulissat,GL,2020-07-09 23:03:48,69.22,-51.1,46.4,87,75,3.36
47,Ouadda,CF,2020-07-09 22:58:50,8.08,22.4,68.7,94,100,1.99
48,Bredasdorp,ZA,2020-07-09 23:03:48,-34.53,20.04,53.6,81,100,10.29
49,Matongo,TZ,2020-07-09 23:03:48,-2.38,34.08,66.52,64,15,2.01
50,Vila Franca Do Campo,PT,2020-07-09 23:03:48,37.72,-25.43,68.0,72,75,8.05
51,Okrika,NG,2020-07-09 23:03:49,4.74,7.08,75.79,88,100,5.21
52,Cidreira,BR,2020-07-09 23:02:18,-30.18,-50.21,51.15,71,0,12.84
53,Souillac,MU,2020-07-09 23:03:49,-20.52,57.52,71.6,78,75,18.34
54,Tabou,CI,2020-07-09 23:03:49,4.42,-7.35,76.1,85,100,10.2
55,Thompson,CA,2020-07-09 22:59:43,55.74,-97.86,62.6,82,90,10.29
56,Richards Bay,ZA,2020-07-09 23:02:46,-28.78,32.04,71.13,50,1,16.15
57,Olafsvik,IS,2020-07-09 23:03:50,64.89,-23.71,51.8,74,60,9.15
58,Chepareria,KE,2020-07-09 23:03:50,1.31,35.2,59.27,76,15,3.62
59,Necochea,AR,2020-07-09 23:03:50,-38.55,-58.74,48.0,76,100,14.0
60,Victoria,HK,2020-07-09 23:01:46,22.29,114.16,86.0,74,100,11.01
61,Arraial Do Cabo,BR,2020-07-09 23:00:38,-22.97,-42.03,71.6,78,75,8.05
62,Kruisfontein,ZA,2020-07-09 23:03:51,-34.0,24.73,52.47,93,51,5.23
63,Chapais,CA,2020-07-09 23:02:40,49.78,-74.85,84.2,39,75,5.82
64,Sisimiut,GL,2020-07-09 23:00:14,66.94,-53.67,44.56,93,100,10.38
65,Opuwo,NA,2020-07-09 23:03:52,-18.06,13.84,47.71,57,0,3.51
66,Bambous Virieux,MU,2020-07-09 23:03:52,-20.34,57.76,71.6,78,75,18.34
67,Saldanha,ZA,2020-07-09 23:02:29,-33.01,17.94,51.8,93,100,4.7
68,Yar-Sale,RU,2020-07-09 23:03:52,66.83,70.83,54.61,73,0,11.88
69,Kavaratti,IN,2020-07-09 23:03:52,10.57,72.64,83.7,74,100,11.34
70,Ponta Do Sol,PT,2020-07-09 23:00:17,32.67,-17.1,71.01,73,0,3.8
71,Boende,CD,2020-07-09 23:03:53,-0.22,20.87,74.79,85,100,2.48
72,Alma,CA,2020-07-09 23:03:53,48.55,-71.65,86.0,65,75,2.24
73,Castro,BR,2020-07-09 23:03:53,-24.79,-50.01,47.01,70,88,0.76
74,Fort Wellington,GY,2020-07-09 23:03:54,6.4,-57.6,78.85,86,97,9.04
75,Constanza,DE,2020-07-09 23:03:54,47.66,9.18,71.6,87,5,2.15
76,Vila Velha,BR,2020-07-09 23:01:09,-20.33,-40.29,75.2,88,0,6.93
77,Beloha,MG,2020-07-09 23:03:54,-25.17,45.05,63.3,66,0,9.84
78,Urcos,PE,2020-07-09 23:03:54,-13.69,-71.62,51.13,53,100,7.38
79,Pavilosta,LV,2020-07-09 23:03:55,56.89,21.19,55.4,87,66,3.36
80,Narsaq,GL,2020-07-09 23:00:20,60.92,-46.05,50.0,81,99,5.82
81,Saint George,US,2020-07-09 22:59:36,37.1,-113.58,102.99,5,1,5.82
82,Dedza,MW,2020-07-09 23:03:55,-14.38,34.33,56.91,96,43,4.25
83,Dingle,PH,2020-07-09 23:03:55,11.0,122.67,80.15,83,100,2.04
84,Bumbuna,SL,2020-07-09 23:03:56,9.05,-11.73,71.83,97,100,4.16
85,Severnyy,RU,2020-07-09 23:03:56,50.68,36.55,59.0,77,3,6.71
86,Codrington,AU,2020-07-09 23:00:11,-38.27,141.97,46.31,76,100,10.51
87,Jamestown,US,2020-07-09 23:02:19,42.1,-79.24,84.0,65,20,4.7
88,Xuddur,SO,2020-07-09 23:03:56,4.12,43.89,72.59,77,82,15.01
89,Marystown,CA,2020-07-09 23:03:57,47.17,-55.15,51.33,91,100,10.38
90,Mahebourg,MU,2020-07-09 23:01:48,-20.41,57.7,71.6,78,75,18.34
91,Maceio,BR,2020-07-09 23:03:57,-9.67,-35.74,73.4,94,75,3.36
92,Wenceslau Braz,BR,2020-07-09 23:03:57,-23.87,-49.8,52.23,66,93,3.09
93,Sur,OM,2020-07-09 23:03:57,22.57,59.53,92.32,45,100,8.97
94,Nouakchott,MR,2020-07-09 23:01:06,18.09,-15.98,78.8,83,75,18.34
95,Soyo,AO,2020-07-09 23:03:57,-6.13,12.37,73.69,84,4,9.17
96,Santa Fe,AR,2020-07-09 23:01:57,-31.63,-60.7,55.0,59,0,4.0
97,Pochinki,RU,2020-07-09 23:03:58,54.7,44.87,58.66,93,100,8.63
98,Ribeira Grande,PT,2020-07-09 23:03:58,38.52,-28.7,68.0,72,75,5.82
99,Havre-Saint-Pierre,CA,2020-07-09 23:03:58,50.23,-63.6,66.2,82,75,4.7
100,Carutapera,BR,2020-07-09 23:03:58,-1.2,-46.02,78.28,82,36,8.57
101,Saint Anthony,US,2020-07-09 23:03:58,45.02,-93.22,80.6,74,1,6.93
102,Manicore,BR,2020-07-09 23:03:59,-5.81,-61.3,79.61,62,10,1.23
103,Cabedelo,BR,2020-07-09 23:00:02,-6.98,-34.83,77.0,88,40,4.7
104,Adrar,MR,2020-07-09 23:03:59,20.5,-10.07,95.04,9,0,9.66
105,Kakamega,KE,2020-07-09 23:03:59,0.28,34.75,58.48,88,26,4.36
106,Vetovo,BG,2020-07-09 23:03:59,43.7,26.27,63.7,69,0,6.58
107,Saraipali,IN,2020-07-09 23:03:59,21.33,83.0,81.05,78,100,8.1
108,Shymkent,KZ,2020-07-09 23:04:00,42.3,69.6,77.0,36,90,6.71
109,Husavik,IS,2020-07-09 23:04:00,66.04,-17.34,48.2,76,75,10.29
110,Georgetown,MY,2020-07-09 23:04:00,5.41,100.34,80.6,94,20,5.37
111,Moustheni,GR,2020-07-09 23:04:00,40.87,24.12,71.01,71,3,5.01
112,Corner Brook,CA,2020-07-09 23:04:22,48.97,-57.95,59.0,77,90,9.17
113,Belmonte,BR,2020-07-09 23:04:22,-15.86,-38.88,73.4,83,20,4.7
114,Conceicao Do Araguaia,BR,2020-07-09 23:04:23,-8.26,-49.26,78.67,36,0,2.93
115,Cockburn Town,TC,2020-07-09 23:00:05,21.46,-71.14,83.32,80,100,19.73
116,Barcelos,PT,2020-07-09 23:04:23,41.54,-8.62,71.01,88,0,4.7
117,Mar Del Plata,AR,2020-07-09 23:04:23,-38.0,-57.56,46.99,70,100,12.75
118,Hofn,IS,2020-07-09 23:01:42,64.25,-15.21,52.88,66,84,9.75
119,Ancud,CL,2020-07-09 22:59:27,-41.87,-73.82,45.0,87,90,8.05
120,Dudinka,RU,2020-07-09 23:04:24,69.41,86.18,53.6,93,2,24.61
121,Yanam,IN,2020-07-09 23:04:24,16.73,82.22,79.99,87,92,4.63
122,Port Antonio,JM,2020-07-09 23:04:24,18.18,-76.46,87.8,74,40,23.04
123,Bubaque,GW,2020-07-09 23:03:12,11.28,-15.83,82.49,82,99,17.43
124,Paita,PE,2020-07-09 23:04:25,-5.09,-81.11,65.64,75,0,20.71
125,Salinopolis,BR,2020-07-09 23:04:25,-0.61,-47.36,79.57,83,36,12.66
126,Mossendjo,CG,2020-07-09 23:04:25,-2.95,12.73,68.61,96,99,4.54
127,Lujan,AR,2020-07-09 23:04:25,-34.57,-59.1,51.01,64,6,3.0
128,Baturite,BR,2020-07-09 23:04:25,-4.33,-38.88,73.08,87,38,3.24
129,Tazovskiy,RU,2020-07-09 23:04:25,67.47,78.7,53.8,73,0,19.08
130,Lasa,IT,2020-07-09 23:04:26,46.62,10.7,60.8,87,5,1.12
131,Ferrol,ES,2020-07-09 23:04:26,43.48,-8.24,64.0,100,75,6.93
132,Nurota,UZ,2020-07-09 23:04:26,40.56,65.69,75.2,27,0,9.17
133,Konotop,UA,2020-07-09 23:04:26,51.24,33.2,53.35,91,0,3.85
134,Bathsheba,BB,2020-07-09 23:00:45,13.22,-59.52,84.2,70,40,17.22
135,Maridi,SS,2020-07-09 23:04:27,4.92,29.47,66.81,94,51,1.7
136,Nantucket,US,2020-07-09 23:01:36,41.28,-70.1,75.0,88,1,8.05
137,Rocha,UY,2020-07-09 23:04:27,-34.48,-54.33,42.44,78,21,7.74
138,Guarapari,BR,2020-07-09 23:04:27,-20.67,-40.5,75.2,88,0,6.93
139,Sao Filipe,CV,2020-07-09 23:04:27,14.9,-24.5,74.5,86,53,10.63
140,Harlingen,US,2020-07-09 23:00:14,26.19,-97.7,96.8,47,40,20.8
141,Pontes E Lacerda,BR,2020-07-09 23:00:47,-15.23,-59.34,69.04,64,4,7.78
142,Camacha,PT,2020-07-09 23:04:28,33.08,-16.33,69.8,77,40,13.87
143,Muros,ES,2020-07-09 23:00:31,42.78,-9.06,66.0,80,26,5.99
144,Pemba,MZ,2020-07-09 23:04:28,-12.97,40.52,75.24,84,0,10.92
145,Kampene,CD,2020-07-09 23:04:28,-3.6,26.67,74.05,52,84,0.69
146,Shelabolikha,RU,2020-07-09 23:04:29,53.41,82.62,64.4,82,40,8.95
147,Thessalon,CA,2020-07-09 23:04:29,46.25,-83.57,84.2,51,1,5.82
148,Caravelas,BR,2020-07-09 23:04:29,-17.71,-39.25,71.37,86,0,5.41
149,Hvolsvollur,IS,2020-07-09 23:04:29,63.75,-20.22,51.01,83,99,18.01
150,Gamba,GA,2020-07-09 23:04:29,-2.65,10.0,72.95,88,98,5.93
151,Grindavik,IS,2020-07-09 23:04:29,63.84,-22.43,50.0,76,75,10.29
152,Mokrous,RU,2020-07-09 23:04:30,51.23,47.52,73.96,57,96,4.47
153,Henties Bay,NA,2020-07-09 23:04:30,-22.12,14.28,53.01,88,0,4.36
154,Keti Bandar,PK,2020-07-09 23:04:30,24.14,67.45,85.8,84,61,15.28
155,Goderich,CA,2020-07-09 22:59:55,43.75,-81.72,84.99,83,55,11.01
156,Farah,AF,2020-07-09 23:04:30,32.5,62.5,70.52,23,0,6.17
157,Roald,NO,2020-07-09 22:59:40,62.58,6.13,53.6,76,75,5.82
158,Maldonado,UY,2020-07-09 23:01:26,-34.67,-54.92,46.0,81,35,5.82
159,Stornoway,GB,2020-07-09 23:04:31,58.21,-6.39,48.99,93,100,4.7
160,Raga,SS,2020-07-09 23:04:31,8.46,25.68,69.17,89,97,2.59
161,Schwabach,DE,2020-07-09 23:04:31,49.33,11.03,68.0,64,0,4.7
162,Touros,BR,2020-07-09 23:04:31,-5.2,-35.46,77.0,88,40,3.36
163,Chik,RU,2020-07-09 23:04:32,54.99,82.43,66.2,100,100,8.95
164,Tsaratanana,MG,2020-07-09 23:04:32,-16.78,47.65,62.89,66,1,14.72
165,Naryan-Mar,RU,2020-07-09 23:00:21,67.67,53.09,72.1,75,0,13.29
166,Hornepayne,CA,2020-07-09 23:04:32,49.21,-84.77,81.73,48,57,11.41
167,Luau,AO,2020-07-09 23:04:32,-10.71,22.22,62.37,41,0,4.03
168,Lagoa,PT,2020-07-09 23:00:07,39.05,-27.98,69.03,71,14,3.31
169,Port-Gentil,GA,2020-07-09 23:04:33,-0.72,8.78,77.0,83,90,11.41
170,Plettenberg Bay,ZA,2020-07-09 23:04:33,-34.05,23.37,57.33,80,97,7.58
171,Hithadhoo,MV,2020-07-09 23:03:20,-0.6,73.08,84.36,72,81,7.0
172,Kiruna,SE,2020-07-09 23:04:33,67.86,20.23,46.4,100,100,11.41
173,Sorland,NO,2020-07-09 22:59:41,67.67,12.69,51.58,86,26,9.71
174,Dover,US,2020-07-09 23:00:09,39.16,-75.52,82.4,74,1,11.41
175,Constantine,DZ,2020-07-09 23:04:34,36.37,6.61,73.4,43,0,6.93
176,Uyuni,BO,2020-07-09 23:04:34,-20.46,-66.83,34.61,57,0,3.18
177,Xai-Xai,MZ,2020-07-09 23:04:34,-25.05,33.64,63.48,84,0,9.17
178,Lebork,PL,2020-07-09 23:04:34,54.54,17.75,59.0,100,90,13.87
179,Outjo,NA,2020-07-09 23:04:34,-20.12,16.15,52.36,43,0,4.85
180,Callaway,US,2020-07-09 23:04:34,30.15,-85.57,86.0,74,1,14.99
181,Mookane,BW,2020-07-09 23:04:35,-23.69,26.66,52.3,87,0,6.26
182,Klaksvik,FO,2020-07-09 23:04:35,62.23,-6.59,50.0,87,97,11.41
183,Leh,IN,2020-07-09 23:04:35,34.17,77.58,56.17,38,41,5.95
184,Ailigandi,PA,2020-07-09 23:04:35,9.23,-78.02,82.45,74,65,2.82
185,Diyarb Najm,EG,2020-07-09 23:04:35,30.75,31.44,80.6,69,40,10.29
186,Bajil,YE,2020-07-09 23:04:36,15.06,43.29,87.24,51,23,5.93
187,Ouesso,CG,2020-07-09 23:04:36,1.61,16.05,73.85,84,100,2.73
188,Atbasar,KZ,2020-07-09 23:04:36,51.8,68.33,67.55,79,46,7.83
189,Kasongo-Lunda,CD,2020-07-09 23:04:36,-6.47,16.82,74.17,61,35,2.64
190,Santiago Del Estero,AR,2020-07-09 23:03:07,-27.8,-64.26,56.7,52,0,10.18
191,Oyonnax,FR,2020-07-09 23:04:36,46.26,5.66,69.01,60,31,1.12
192,Colesberg,ZA,2020-07-09 23:04:37,-30.72,25.1,54.28,50,61,17.94
193,Colares,PT,2020-07-09 23:04:37,38.8,-9.45,66.99,82,20,26.4
194,Camocim,BR,2020-07-09 23:04:37,-2.9,-40.84,78.89,76,18,14.52
195,Joshimath,IN,2020-07-09 23:04:37,30.57,79.57,67.26,60,98,0.74
196,Bonavista,CA,2020-07-09 23:04:37,48.65,-53.11,54.0,85,100,3.0
197,San Cristobal,VE,2020-07-09 23:04:38,7.77,-72.22,91.4,36,40,14.99
198,Doha,QA,2020-07-09 23:01:26,25.29,51.53,97.0,89,13,3.36
199,Yantzaza,EC,2020-07-09 23:04:38,-3.83,-78.76,71.2,74,43,1.01
200,Salalah,OM,2020-07-09 23:01:24,17.02,54.09,82.4,88,75,3.36
201,Bushenyi,UG,2020-07-09 23:04:38,-0.59,30.21,61.11,62,0,1.14
202,Damietta,EG,2020-07-09 23:04:38,31.42,31.81,78.8,83,13,3.36
203,Coquimbo,CL,2020-07-09 23:02:23,-29.95,-71.34,59.0,72,85,2.24
204,Tucurui,BR,2020-07-09 23:04:39,-3.77,-49.67,77.94,64,93,2.98
205,Seinajoki,FI,2020-07-09 23:04:39,62.79,22.83,48.99,93,75,3.36
206,Amantea,IT,2020-07-09 23:04:39,39.13,16.07,69.8,100,0,3.36
207,Syamzha,RU,2020-07-09 23:04:39,60.02,41.06,50.04,96,5,3.58
208,Mehamn,NO,2020-07-09 23:04:39,71.04,27.85,46.2,93,100,13.31
209,Buraydah,SA,2020-07-09 23:02:16,26.33,43.98,86.0,25,0,6.93
210,Lyuban,BY,2020-07-09 23:04:40,52.8,28.0,52.65,88,95,5.99
211,Itaituba,BR,2020-07-09 23:04:40,-4.28,-55.98,82.89,60,81,2.51
212,Leshukonskoye,RU,2020-07-09 23:04:40,64.9,45.76,62.49,97,86,6.06
213,Aguas Verdes,PE,2020-07-09 23:04:40,-3.48,-80.25,73.53,71,19,8.08
214,Mamallapuram,IN,2020-07-09 23:04:40,12.63,80.17,77.0,94,90,5.82
215,Monte Alegre,BR,2020-07-09 23:00:37,-2.01,-54.07,78.89,75,81,3.6
216,Zonguldak,TR,2020-07-09 23:04:41,41.25,31.83,55.09,93,0,3.33
217,Qaqortoq,GL,2020-07-09 23:04:41,60.72,-46.03,50.0,81,100,5.82
218,Santiago,CL,2020-07-09 23:04:41,-33.46,-70.65,57.2,58,37,1.03
219,Ostrovnoy,RU,2020-07-09 23:04:41,68.05,39.51,59.38,92,100,12.55
220,Talnakh,RU,2020-07-09 23:04:41,69.49,88.4,53.6,93,21,24.61
221,Sao Joao Da Barra,BR,2020-07-09 23:04:41,-21.64,-41.05,71.29,80,1,17.87
222,Kapoeta,SS,2020-07-09 23:04:42,4.77,33.59,76.1,59,69,1.07
223,Oistins,BB,2020-07-09 23:04:42,13.07,-59.53,84.2,70,40,17.22
224,Tabat,ID,2020-07-09 23:04:42,-2.63,115.23,73.38,98,94,1.23
225,Arari,BR,2020-07-09 23:04:42,-3.45,-44.78,75.51,88,34,2.64
226,Berlevag,NO,2020-07-09 23:03:03,70.86,29.09,46.83,91,100,16.28
227,Vina Del Mar,CL,2020-07-09 23:04:42,-33.02,-71.55,59.0,76,24,5.82
228,Ispravnaya,RU,2020-07-09 23:04:43,44.07,41.61,64.0,7,100,1.99
229,Cayenne,GF,2020-07-09 23:04:43,4.93,-52.33,77.0,100,75,2.24
230,Valparaiso,CL,2020-07-09 23:04:43,-33.04,-71.63,59.0,76,27,5.82
231,Matelandia,BR,2020-07-09 23:04:43,-25.24,-54.0,51.8,93,0,2.24
232,Akdepe,TM,2020-07-09 23:04:43,42.06,59.38,80.6,42,0,11.41
233,Klobuck,PL,2020-07-09 23:04:44,50.9,18.94,64.0,100,76,8.63
234,Qarchi Gak,AF,2020-07-09 23:04:44,37.04,66.79,87.01,35,0,2.24
235,Inongo,CD,2020-07-09 23:04:44,-1.95,18.27,72.55,70,98,3.02
236,Faya,SA,2020-07-09 23:04:44,18.39,42.45,73.4,40,20,3.13
237,Gazanjyk,TM,2020-07-09 23:04:44,39.24,55.52,88.21,21,0,8.95
238,Hof,DE,2020-07-09 23:04:44,50.32,11.92,61.0,78,0,1.99
239,Chilca,PE,2020-07-09 23:04:45,-12.52,-76.74,62.6,77,75,9.17
240,Birao,CF,2020-07-09 23:04:45,10.28,22.79,72.81,90,100,2.57
241,Nusaybin,TR,2020-07-09 23:04:45,37.08,41.22,85.37,14,0,9.44
242,Manyana,BW,2020-07-09 23:04:45,-23.4,21.72,55.47,45,0,8.63
243,Kutum,SD,2020-07-09 23:02:23,14.2,24.67,76.84,58,64,8.23
244,Iskateley,RU,2020-07-09 23:04:45,67.68,53.15,71.96,75,0,13.47
245,Namibe,AO,2020-07-09 23:04:46,-15.2,12.15,61.86,81,0,8.68
246,Pisco,PE,2020-07-09 23:02:47,-13.7,-76.22,64.4,68,20,14.99
247,Sarakhs,IR,2020-07-09 23:04:46,36.54,61.16,77.0,38,0,2.24
248,Pinos Puente,ES,2020-07-09 23:04:46,37.25,-3.75,75.2,36,0,3.36
249,Ampanihy,MG,2020-07-09 23:04:46,-24.7,44.75,63.03,66,0,6.29
250,Punta Alta,AR,2020-07-09 23:04:46,-38.88,-62.07,52.09,45,100,24.05
251,Peterhead,GB,2020-07-09 23:04:47,57.51,-1.8,53.01,87,75,5.82
252,Lai,TD,2020-07-09 23:04:47,9.4,16.3,72.75,90,100,4.25
253,Palmas,BR,2020-07-09 23:03:13,-10.21,-48.36,80.6,44,0,4.7
254,Merrill,US,2020-07-09 23:02:55,45.18,-89.68,75.2,88,75,5.73
255,Sorab,IN,2020-07-09 23:04:48,14.38,75.1,70.99,92,100,6.58
256,Sabirabad,AZ,2020-07-09 23:04:48,40.01,48.48,78.8,61,60,4.7
257,Luderitz,NA,2020-07-09 23:04:48,-26.65,15.16,53.6,93,0,9.17
258,Ponazyrevo,RU,2020-07-09 23:04:48,58.36,46.31,60.3,97,100,6.87
259,Morant Bay,JM,2020-07-09 23:04:48,17.88,-76.41,87.8,74,40,23.04
260,Kyshtovka,RU,2020-07-09 23:04:48,56.55,76.63,63.91,96,94,13.94
261,Booue,GA,2020-07-09 23:04:48,-0.09,11.94,72.34,92,58,2.91
262,Los Llanos De Aridane,ES,2020-07-09 23:04:49,28.66,-17.92,71.6,78,10,16.11
263,Oskemen,KZ,2020-07-09 23:04:49,49.96,82.61,57.2,87,8,2.24
264,Mabaruma,GY,2020-07-09 23:04:49,8.2,-59.78,75.88,88,64,3.87
265,Walvis Bay,NA,2020-07-09 23:04:49,-22.96,14.51,53.01,81,0,5.82
266,Itaperuna,BR,2020-07-09 23:00:26,-21.2,-41.89,68.27,85,2,6.31
267,Soto,AR,2020-07-09 23:04:49,-32.81,-61.4,51.8,62,36,8.05
268,Paramonga,PE,2020-07-09 23:04:50,-10.67,-77.83,61.84,81,7,9.73
269,Traverse City,US,2020-07-09 23:03:13,44.76,-85.62,82.0,69,75,4.7
270,Khor,RU,2020-07-09 23:04:50,47.89,134.95,60.42,89,94,7.25
271,Crateus,BR,2020-07-09 23:04:50,-5.18,-40.68,76.84,66,25,4.63
272,Kamenka,RU,2020-07-09 23:04:50,51.32,42.77,62.01,85,3,5.99
273,Nechi,CO,2020-07-09 23:04:50,8.09,-74.78,82.02,85,51,2.35
274,Omboue,GA,2020-07-09 23:04:50,-1.57,9.26,73.78,83,100,8.28
275,Yining,CN,2020-07-09 23:03:21,29.04,114.56,76.62,90,100,0.74
276,Peruwelz,BE,2020-07-09 23:04:51,50.51,3.59,62.6,82,99,8.05
277,Nambiyur,IN,2020-07-09 23:04:51,11.37,77.33,75.49,84,100,5.59
278,Qostanay,KZ,2020-07-09 23:04:51,53.17,63.58,71.6,60,0,11.18
279,Hoopstad,ZA,2020-07-09 23:04:51,-27.83,25.91,51.08,70,3,10.0
280,Rudbar,AF,2020-07-09 23:04:51,30.15,62.6,81.5,17,0,13.13
281,Acarau,BR,2020-07-09 23:04:52,-2.89,-40.12,79.21,75,11,14.47
282,Zeerust,ZA,2020-07-09 23:04:52,-25.54,26.08,46.4,75,0,6.93
283,Mbamba,NG,2020-07-09 23:04:52,9.98,13.1,70.11,91,100,1.68
284,Nanortalik,GL,2020-07-09 23:04:52,60.14,-45.24,45.12,93,100,10.54
285,Port-Cartier,CA,2020-07-09 23:04:52,50.03,-66.87,66.2,82,40,6.93
286,Fiche,ET,2020-07-09 23:04:53,9.8,38.73,52.32,88,51,3.44
287,Riyadh,SA,2020-07-09 23:02:58,24.69,46.72,89.6,15,35,4.7
288,Nioro,GM,2020-07-09 23:04:53,13.35,-15.75,83.12,65,100,10.89
289,Jumla,NP,2020-07-09 23:01:06,29.27,82.18,63.25,70,100,1.72
290,Porto Franco,BR,2020-07-09 23:00:51,-6.34,-47.4,78.51,43,89,2.04
291,Narimanov,RU,2020-07-09 23:04:53,46.69,47.85,80.6,51,88,8.95
292,Yazman,PK,2020-07-09 23:04:54,29.12,71.74,93.58,45,18,19.95
293,Honningsvag,NO,2020-07-09 23:04:54,70.98,25.97,46.15,91,100,15.35
294,Remontnoye,RU,2020-07-09 23:04:54,46.56,43.65,69.8,64,58,15.66
295,Presidencia Roque Saenz Pena,AR,2020-07-09 23:04:54,-26.79,-60.44,50.7,76,0,6.33
296,Yabelo,ET,2020-07-09 23:04:54,4.88,38.08,57.54,100,35,6.38
297,Sagua De Tanamo,CU,2020-07-09 23:04:54,20.58,-75.24,85.6,67,84,2.62
298,Togur,RU,2020-07-09 23:04:54,58.36,82.83,56.44,94,83,6.04
299,Viedma,AR,2020-07-09 23:04:55,-40.81,-63.0,50.18,57,100,26.26
300,Comodoro Rivadavia,AR,2020-07-09 23:03:37,-45.87,-67.5,42.8,70,74,6.93
301,Cocal,BR,2020-07-09 23:04:55,-28.62,-49.35,49.59,79,0,2.89
302,Sevlievo,BG,2020-07-09 23:03:11,43.03,25.11,61.0,81,0,1.01
303,Andros Town,BS,2020-07-09 23:03:04,24.7,-77.77,87.8,62,75,5.82
304,Manali,IN,2020-07-09 23:04:55,13.17,80.27,77.0,94,90,5.82
305,Turukhansk,RU,2020-07-09 23:04:56,65.82,87.98,54.84,81,13,7.09
306,Sept-Iles,CA,2020-07-09 23:04:36,50.2,-66.38,66.2,82,40,6.93
307,Jeremie,HT,2020-07-09 23:04:56,18.65,-74.12,84.58,74,90,2.86
308,Shepsi,RU,2020-07-09 23:04:56,44.04,39.15,71.58,70,24,10.33
309,Torva,EE,2020-07-09 23:02:50,58.0,25.93,50.0,81,20,6.93
310,Manono,CD,2020-07-09 23:02:05,-7.3,27.42,71.67,40,1,3.36
311,Nizwa,OM,2020-07-09 23:04:57,22.93,57.53,86.58,45,100,1.74
312,Panguipulli,CL,2020-07-09 23:04:57,-39.63,-72.33,55.4,100,90,17.22
313,Aswan,EG,2020-07-09 23:04:57,24.09,32.91,86.14,26,0,8.19
314,Vestmanna,FO,2020-07-09 23:04:57,62.16,-7.17,50.0,87,99,11.41
315,Micheweni,TZ,2020-07-09 23:04:57,-4.97,39.83,76.44,80,1,13.29
316,Ronda,ES,2020-07-09 23:04:58,36.74,-5.17,68.0,43,0,1.99
317,Dalbandin,PK,2020-07-09 23:04:58,28.89,64.41,84.79,13,12,7.61
318,Bandar-E Lengeh,IR,2020-07-09 23:04:58,26.56,54.88,93.27,52,70,0.56
319,Tsimlyansk,RU,2020-07-09 23:04:58,47.65,42.1,66.07,77,4,12.17
320,Praia Da Vitoria,PT,2020-07-09 23:00:23,38.73,-27.07,69.8,83,40,6.53
321,Altay,CN,2020-07-09 23:04:58,47.87,88.12,58.77,57,1,1.5
322,Mondovi,IT,2020-07-09 23:04:59,44.4,7.82,70.0,51,45,2.46
323,Abapo,BO,2020-07-09 23:04:59,-18.83,-63.47,54.34,70,65,1.9
324,San Antonio,US,2020-07-09 23:00:02,29.42,-98.49,99.0,39,75,14.99
325,Whithorn,JM,2020-07-09 23:04:59,18.26,-78.04,89.6,70,20,19.46
326,Mecca,SA,2020-07-09 23:01:31,21.43,39.83,88.66,13,0,7.85
327,Letterkenny,IE,2020-07-09 23:04:59,54.95,-7.73,47.46,88,72,5.91
328,Virginia Beach,US,2020-07-09 23:00:57,36.85,-75.98,82.4,74,75,12.75
329,Saint-Pierre,RE,2020-07-09 23:05:00,-21.34,55.48,68.0,82,75,16.11
330,Japura,ID,2020-07-09 23:01:05,-0.32,102.35,71.71,96,98,2.04
331,Margate,GB,2020-07-09 23:05:00,51.38,1.39,64.0,70,100,4.0
332,Toba Tek Singh,PK,2020-07-09 23:05:00,30.97,72.48,96.15,32,0,8.72
333,Bud,US,2020-07-09 23:05:00,39.45,-86.18,90.0,55,40,4.7
334,Timbiqui,CO,2020-07-09 23:05:00,2.77,-77.67,78.35,85,77,6.67
335,Teguise,ES,2020-07-09 23:05:01,29.06,-13.56,71.6,73,75,19.46
336,Lakota,CI,2020-07-09 23:05:01,5.85,-5.69,70.59,97,100,4.56
337,Mezen,RU,2020-07-09 23:05:01,65.85,44.24,63.07,96,87,7.43
338,Lima,PE,2020-07-09 23:02:18,-12.04,-77.03,62.6,77,75,9.17
339,Maragogi,BR,2020-07-09 23:00:34,-9.01,-35.22,75.7,86,47,7.74
340,Dalmatovo,RU,2020-07-09 23:05:01,56.26,62.94,69.12,84,1,5.64
341,Barra Do Garcas,BR,2020-07-09 23:05:02,-15.89,-52.26,76.5,46,30,3.53
342,Morondava,MG,2020-07-09 23:05:02,-20.28,44.28,70.54,56,0,11.54
343,Hobyo,SO,2020-07-09 23:05:02,5.35,48.53,77.67,82,71,25.86
344,Vallenar,CL,2020-07-09 23:05:02,-28.57,-70.76,67.71,24,0,2.21
345,Lethem,GY,2020-07-09 23:05:02,3.38,-59.8,79.07,75,94,5.12
346,Barreirinhas,BR,2020-07-09 23:05:03,-2.75,-42.83,76.51,89,23,6.24
347,Pryozerne,UA,2020-07-09 23:05:03,45.27,36.33,71.47,62,2,10.29
348,Zaysan,KZ,2020-07-09 23:05:03,47.47,84.87,63.54,47,0,8.28
349,Borba,BR,2020-07-09 23:05:03,-4.39,-59.59,81.12,61,25,0.87
350,Raudeberg,NO,2020-07-09 23:05:03,61.99,5.14,50.0,89,22,9.93
351,Cotonou,BJ,2020-07-09 23:00:32,6.37,2.42,77.59,84,100,11.45
352,Tonekabon,IR,2020-07-09 23:05:04,36.82,50.87,80.6,74,75,2.24
353,Abeche,TD,2020-07-09 23:05:04,13.83,20.83,78.33,67,100,11.34
354,Korem,ET,2020-07-09 23:05:04,12.51,39.52,61.11,71,42,1.72
355,Kristiansund,NO,2020-07-09 23:05:04,63.11,7.73,50.0,76,94,10.29
356,Aksarka,RU,2020-07-09 23:05:04,66.56,67.8,51.42,78,0,5.82
357,Luena,AO,2020-07-09 23:04:05,-11.78,19.92,57.0,48,0,1.74
358,Trinidad,BO,2020-07-09 23:05:05,-14.83,-64.9,65.28,76,98,4.43
359,Parabel,RU,2020-07-09 23:05:05,58.7,81.48,55.35,93,79,10.25
360,Amos,CA,2020-07-09 23:05:05,48.57,-78.12,89.6,38,40,9.17
361,Cabo Rojo,PR,2020-07-09 23:05:05,18.09,-67.15,84.99,73,22,4.0
362,Melnikovo,RU,2020-07-09 23:05:05,56.56,84.08,63.0,87,100,4.05
363,Mala Tokmachka,UA,2020-07-09 23:05:05,47.54,35.89,59.0,72,0,6.71
364,Axim,GH,2020-07-09 23:05:05,4.87,-2.24,75.34,91,98,6.96
365,Lokhvytsya,UA,2020-07-09 23:05:06,50.37,33.26,54.41,91,1,2.71
366,Nalut,LY,2020-07-09 23:05:06,30.33,10.85,79.21,32,0,14.99
367,Guasdualito,VE,2020-07-09 23:05:06,7.24,-70.73,84.2,74,40,2.73
368,Samfya,ZM,2020-07-09 23:05:06,-11.36,29.56,61.93,82,72,8.21
369,Chinhoyi,ZW,2020-07-09 23:05:06,-17.37,30.2,56.26,88,20,4.32
370,Mitsamiouli,KM,2020-07-09 23:05:06,-11.38,43.28,76.66,75,1,12.06
371,Eskil,TR,2020-07-09 23:05:07,38.4,33.41,66.04,65,0,14.65
372,Great Yarmouth,GB,2020-07-09 23:05:07,52.61,1.73,57.99,99,100,14.0
373,Bandarbeyla,SO,2020-07-09 23:00:27,9.49,50.81,80.33,66,95,31.76
374,Angoche,MZ,2020-07-09 23:05:07,-16.23,39.91,70.72,86,0,6.26
375,Maneromango,TZ,2020-07-09 23:05:07,-7.2,38.78,73.4,94,40,3.36
376,Cabildo,AR,2020-07-09 23:05:07,-38.48,-61.9,48.0,65,100,8.01
377,Nouadhibou,MR,2020-07-09 23:01:13,20.93,-17.03,80.6,54,0,20.8
378,Orcopampa,PE,2020-07-09 23:05:08,-15.27,-72.34,45.23,46,11,5.99
379,Martigny,CH,2020-07-09 23:05:08,46.08,7.08,71.6,46,89,1.12
380,West Bay,KY,2020-07-09 23:05:08,19.37,-81.42,87.8,79,75,18.34
381,Korla,CN,2020-07-09 23:05:08,41.76,86.15,78.84,31,100,12.12
382,Luanda,AO,2020-07-09 23:02:09,-8.84,13.23,70.0,91,3,6.73
383,Watsa,CD,2020-07-09 23:05:08,3.04,29.54,62.65,100,2,1.57
384,Lisala,CD,2020-07-09 23:05:08,2.15,21.52,71.38,93,100,2.1
385,Novyy Buyan,RU,2020-07-09 23:05:09,53.69,50.05,73.4,53,85,4.47
386,Sinnamary,GF,2020-07-09 23:01:04,5.38,-52.95,78.84,84,86,6.04
387,Bugene,TZ,2020-07-09 23:05:09,-1.59,31.14,61.3,62,0,1.66
388,Chimbarongo,CL,2020-07-09 23:05:09,-34.7,-71.05,53.6,76,60,6.93
389,Chimbote,PE,2020-07-09 23:00:41,-9.09,-78.58,63.0,80,24,11.41
390,Halifax,CA,2020-07-09 23:04:05,44.65,-63.57,78.01,66,57,5.97
391,Bentiu,SS,2020-07-09 23:05:10,9.23,29.83,75.67,75,98,1.45
392,Malakal,SS,2020-07-09 23:05:10,9.53,31.66,75.88,75,90,3.22
393,Trapani,IT,2020-07-09 23:00:31,37.83,12.67,77.0,88,0,2.24
394,Qom,IR,2020-07-09 23:01:14,34.64,50.88,86.41,17,42,13.89
395,Churu,IN,2020-07-09 23:05:10,28.3,74.95,91.63,46,16,16.64
396,Taperoa,BR,2020-07-09 23:05:10,-7.21,-36.83,70.2,87,52,12.21
397,Ajaccio,FR,2020-07-09 23:05:11,42.0,8.92,69.8,60,0,6.93
398,Coihaique,CL,2020-07-09 23:05:11,-45.58,-72.07,33.8,86,75,3.36
399,Meulaboh,ID,2020-07-09 23:05:11,4.14,96.13,75.63,80,99,4.16
400,Guipavas,FR,2020-07-09 23:05:11,48.44,-4.4,59.0,93,90,6.93
401,Kalmunai,LK,2020-07-09 23:02:14,7.42,81.82,79.43,81,93,2.08
402,Kayerkan,RU,2020-07-09 23:05:11,69.35,87.76,53.6,93,31,24.61
403,Nuuk,GL,2020-07-09 23:02:05,64.18,-51.72,44.6,87,90,28.86
404,Le Port,RE,2020-07-09 23:05:12,-20.94,55.29,68.0,77,75,17.22
405,Macapa,BR,2020-07-09 23:00:33,0.04,-51.07,84.2,79,40,5.82
406,Russkaya Polyana,UA,2020-07-09 23:05:12,49.42,31.92,56.12,86,4,2.35
407,Sao Felix Do Xingu,BR,2020-07-09 23:05:12,-6.64,-51.99,75.51,57,1,1.83
408,Paamiut,GL,2020-07-09 23:05:13,61.99,-49.67,45.36,92,100,29.8
409,Siderno,IT,2020-07-09 23:05:13,38.28,16.3,77.0,88,5,6.24
410,Reyes,BO,2020-07-09 23:05:13,-14.32,-67.38,66.54,73,100,4.07
411,Jacupiranga,BR,2020-07-09 23:05:13,-24.69,-48.0,56.32,90,48,1.03
412,Privolzhye,RU,2020-07-09 23:05:13,52.86,48.6,71.76,60,57,4.81
413,Niquero,CU,2020-07-09 23:05:14,20.04,-77.58,85.98,66,17,14.0
414,Ziarat,PK,2020-07-09 23:01:34,30.38,67.73,64.0,70,1,4.45
415,Inhambane,MZ,2020-07-09 23:05:14,-23.86,35.38,67.87,79,0,6.42
416,Tiznit,MA,2020-07-09 23:05:14,29.58,-9.5,69.67,48,0,0.96
417,Luebo,CD,2020-07-09 23:05:14,-5.35,21.42,74.14,45,41,0.47
418,Exu,BR,2020-07-09 23:05:14,-7.51,-39.72,68.86,75,8,1.43
419,Asfi,MA,2020-07-09 23:05:14,32.3,-9.24,67.51,87,0,13.11
420,Foumbot,CM,2020-07-09 23:05:15,5.51,10.64,64.89,94,97,3.15
421,Sao Desiderio,BR,2020-07-09 23:05:15,-12.36,-44.97,72.34,51,15,4.97
422,Azul,AR,2020-07-09 23:05:15,-36.78,-59.86,48.99,63,96,4.0
423,Veles,MK,2020-07-09 23:05:15,41.72,21.78,66.2,68,0,1.12
424,Jalu,LY,2020-07-09 23:05:15,29.03,21.55,80.64,47,0,8.43
425,Tesanjka,BA,2020-07-09 23:05:15,44.67,18.01,66.2,87,0,2.24
426,Manama,BH,2020-07-09 23:02:09,26.22,50.58,96.8,47,0,4.7
427,Machachi,EC,2020-07-09 23:05:16,-0.5,-78.57,52.0,79,85,1.81
428,Bestobe,KZ,2020-07-09 23:05:16,52.5,73.1,71.4,79,36,11.1
429,Sao Miguel Do Araguaia,BR,2020-07-09 23:05:16,-13.28,-50.16,75.51,31,0,5.17
430,Balvi,LV,2020-07-09 23:05:16,57.13,27.27,47.37,96,30,4.21
431,Lyaskelya,RU,2020-07-09 23:05:16,61.77,31.02,50.77,89,0,7.52
432,Lerwick,GB,2020-07-09 23:05:17,60.15,-1.15,48.2,93,52,2.24
433,Requena,ES,2020-07-09 23:05:17,39.49,-1.1,69.01,56,41,5.61
434,Ondarroa,ES,2020-07-09 23:05:17,43.32,-2.42,69.01,66,47,1.99
435,Zambezi,ZM,2020-07-09 23:05:17,-13.54,23.1,57.02,45,0,2.95
436,Marzuq,YE,2020-07-09 23:05:18,14.4,46.47,85.96,36,65,2.1
437,Beruwala,LK,2020-07-09 23:05:18,6.48,79.98,79.68,85,97,5.06
438,Kulhudhuffushi,MV,2020-07-09 23:05:18,6.62,73.07,82.31,78,100,11.86
439,Hualmay,PE,2020-07-09 23:00:32,-11.1,-77.61,62.22,79,8,10.69
440,Saint-Leu,RE,2020-07-09 23:05:18,-21.15,55.28,68.0,82,75,16.11
441,Zajecar,RS,2020-07-09 23:05:18,43.9,22.26,59.0,86,0,1.01
442,Awjilah,LY,2020-07-09 23:05:18,29.11,21.29,80.4,46,0,8.57
443,Dunmore Town,BS,2020-07-09 23:05:19,25.5,-76.65,86.34,65,87,6.4
444,Prainha,BR,2020-07-09 23:05:19,-1.8,-53.48,77.52,78,79,3.06
445,Trincomalee,LK,2020-07-09 23:05:19,8.57,81.23,79.05,84,100,12.88
446,Diego De Almagro,CL,2020-07-09 23:05:19,-26.37,-70.05,52.59,48,0,3.02
447,Neckarsulm,DE,2020-07-09 23:05:19,49.19,9.23,68.0,72,0,2.17
448,Yenagoa,NG,2020-07-09 23:05:19,4.92,6.26,75.13,92,100,3.65
449,Monrovia,LR,2020-07-09 23:05:19,6.3,-10.8,77.56,83,84,12.35
450,Kamina,CD,2020-07-09 23:05:20,-8.74,24.99,62.8,41,0,2.46
451,Hadishahr,AZ,2020-07-09 23:05:20,38.84,45.66,78.8,44,75,5.12
452,Quelimane,MZ,2020-07-09 23:05:20,-17.88,36.89,65.17,91,0,1.86
453,Kyaka,TZ,2020-07-09 23:05:20,-1.25,31.42,68.0,68,0,0.76
454,Lucea,JM,2020-07-09 23:05:20,18.45,-78.17,89.6,70,20,19.46
455,Torbat-E Jam,IR,2020-07-09 23:05:20,35.24,60.62,75.94,27,0,10.65
456,Iqaluit,CA,2020-07-09 23:05:21,63.75,-68.51,46.4,81,75,11.41
457,Onguday,RU,2020-07-09 23:05:21,50.75,86.15,51.4,77,26,1.59
458,Saint-Denis,FR,2020-07-09 23:05:21,48.92,2.33,70.0,72,1,9.17
459,Plouzane,FR,2020-07-09 23:05:21,48.38,-4.62,59.0,93,90,6.93
460,Matagami,CA,2020-07-09 23:05:21,49.75,-77.63,86.0,45,75,4.7
461,Betul,IN,2020-07-09 23:05:21,21.92,77.9,74.98,88,100,12.82
462,Zhob,PK,2020-07-09 23:05:22,31.34,69.45,80.98,37,0,7.78
463,Aripuana,BR,2020-07-09 23:02:03,-9.17,-60.63,79.32,53,0,1.9
464,Seda,LV,2020-07-09 23:05:22,57.65,25.75,51.01,95,15,1.01
465,Rundu,NA,2020-07-09 23:05:22,-17.93,19.77,53.6,58,0,4.7
466,Igarka,RU,2020-07-09 23:05:22,67.47,86.58,62.8,56,62,13.04
467,Coihueco,CL,2020-07-09 23:05:22,-36.62,-71.83,48.2,87,90,13.87
468,Sandnessjoen,NO,2020-07-09 23:05:23,66.02,12.63,50.0,93,34,5.82
469,Alibag,IN,2020-07-09 23:05:23,18.64,72.88,84.2,89,75,10.29
470,Mahibadhoo,MV,2020-07-09 23:02:01,3.78,72.97,83.46,74,100,11.1
471,Altoona,US,2020-07-09 23:05:23,40.52,-78.39,89.01,45,1,5.82
472,Sironj,IN,2020-07-09 23:05:23,24.1,77.7,80.51,78,91,15.75
473,Pernik,BG,2020-07-09 23:04:01,42.6,23.03,62.6,77,0,5.82
474,Shamkhal,RU,2020-07-09 23:05:24,43.06,47.34,82.4,51,40,11.18
475,Sena Madureira,BR,2020-07-09 23:05:24,-9.07,-68.66,75.0,86,20,2.42
476,Saint-Joseph,RE,2020-07-09 23:05:24,-21.37,55.62,68.0,82,75,16.11
477,Junin,AR,2020-07-09 23:05:24,-34.58,-60.94,46.0,72,72,8.99
478,Novouzensk,RU,2020-07-09 23:05:25,50.46,48.14,77.32,49,100,11.14
479,Hajnowka,PL,2020-07-09 23:05:25,52.74,23.58,60.01,66,92,1.01
480,Calama,CL,2020-07-09 23:05:25,-22.47,-68.93,64.4,2,0,12.75
481,Rahuri,IN,2020-07-09 23:05:25,19.38,74.65,76.35,79,99,11.95
482,Olupona,NG,2020-07-09 23:05:25,7.6,4.18,71.74,96,100,4.47
483,Sarkand,KZ,2020-07-09 23:05:25,45.41,79.92,62.53,43,0,5.7
484,Ushtobe,KZ,2020-07-09 23:05:26,45.25,77.98,65.75,49,0,5.95
485,Engels,RU,2020-07-09 23:05:26,51.5,46.12,73.0,77,100,3.0
486,Urumqi,CN,2020-07-09 23:02:30,43.8,87.6,73.4,46,100,2.24
487,Utica,US,2020-07-09 23:05:08,43.1,-75.23,89.01,44,0,1.01
488,Balkanabat,TM,2020-07-09 23:05:26,39.51,54.37,86.63,24,0,5.03
489,Malchin,DE,2020-07-09 23:05:26,53.73,12.78,55.99,93,75,3.36
490,Maarianhamina,AX,2020-07-09 23:05:26,60.1,19.93,46.4,93,10,2.24
491,Barysh,RU,2020-07-09 23:05:27,53.66,47.11,66.76,85,83,6.91
492,Pauini,BR,2020-07-09 23:05:27,-7.71,-66.98,81.93,64,93,2.01
493,Pangnirtung,CA,2020-07-09 23:05:27,66.15,-65.71,46.4,81,20,11.41
494,Mhango,TZ,2020-07-09 23:05:27,-3.28,32.85,65.91,67,13,5.48
495,Sao Geraldo Do Araguaia,BR,2020-07-09 23:05:27,-6.4,-48.55,77.56,47,87,2.28
496,Avallon,FR,2020-07-09 23:05:27,47.48,3.9,66.99,58,0,5.86
497,Kholm,RU,2020-07-09 23:05:28,59.27,32.85,47.97,93,0,4.7
498,Buchanan,LR,2020-07-09 23:05:28,5.88,-10.05,77.18,83,100,10.96
499,Hare Bay,CA,2020-07-09 23:05:28,48.85,-54.01,55.4,87,90,5.82
500,Fort Payne,US,2020-07-09 23:05:05,34.44,-85.72,86.0,70,1,3.36
501,Tahta,EG,2020-07-09 23:05:28,26.77,31.5,86.0,28,0,6.93
502,Zorgo,BF,2020-07-09 23:05:28,12.25,-0.62,83.17,63,43,11.23
503,Mesker-Yurt,RU,2020-07-09 23:05:29,43.25,45.91,77.0,65,75,11.18
504,Venado Tuerto,AR,2020-07-09 23:05:29,-33.75,-61.97,48.0,61,99,5.01
505,Kajaani,FI,2020-07-09 23:05:29,64.23,27.73,48.2,93,78,8.05
506,Gayeri,BF,2020-07-09 23:05:29,12.65,0.49,86.05,54,58,10.74
507,Trairi,BR,2020-07-09 23:05:29,-3.28,-39.27,78.3,79,12,9.98
508,Elizabeth City,US,2020-07-09 23:05:29,36.29,-76.25,82.4,83,75,16.11
509,Bara,NG,2020-07-09 23:05:29,10.37,10.73,77.47,79,100,6.8
510,Pestravka,RU,2020-07-09 23:05:30,52.41,49.96,73.2,52,38,8.57
511,Khurda,IN,2020-07-09 23:05:30,20.18,85.62,82.4,94,20,6.93
512,Tucuman,AR,2020-07-09 23:02:53,-26.82,-65.22,59.0,51,0,10.29
513,Bernardino De Campos,BR,2020-07-09 23:05:30,-23.01,-49.47,54.45,60,58,2.39
514,Moengo,SR,2020-07-09 23:05:30,5.62,-54.4,75.16,95,99,2.44
515,Rio Gallegos,AR,2020-07-09 23:04:20,-51.62,-69.22,30.2,92,37,12.75
516,Polunochnoye,RU,2020-07-09 23:05:31,60.87,60.42,68.81,73,0,2.48
517,Tutayev,RU,2020-07-09 23:05:31,57.89,39.54,55.4,93,1,6.71
518,Atar,MR,2020-07-09 23:05:31,20.52,-13.05,96.22,10,0,6.69
519,Pedernales,DO,2020-07-09 23:05:31,18.04,-71.74,87.8,70,40,11.41
520,Grand-Lahou,CI,2020-07-09 23:01:04,5.14,-5.02,76.59,86,100,11.48
521,Cambara,BR,2020-07-09 23:04:51,-23.05,-50.07,55.83,64,41,2.33
522,Kiri Buru,IN,2020-07-09 23:05:32,22.08,85.35,75.83,86,100,4.45
523,Port Shepstone,ZA,2020-07-09 23:05:32,-30.74,30.45,67.39,38,96,8.93
524,Wehr,DE,2020-07-09 23:05:32,47.63,7.9,66.99,72,5,2.13
525,Noyabrsk,RU,2020-07-09 23:05:32,63.2,75.45,54.01,71,13,20.62
526,Itaquyry,PY,2020-07-09 23:05:32,-24.93,-55.22,50.11,83,0,2.82
527,Tinglev,DK,2020-07-09 23:05:33,54.93,9.25,53.6,81,93,5.82
528,Usinsk,RU,2020-07-09 23:02:48,65.99,57.53,66.83,81,0,12.71
529,Moose Factory,CA,2020-07-09 23:05:33,51.26,-80.61,84.2,62,99,3.53
530,Puerto Del Rosario,ES,2020-07-09 23:05:33,28.5,-13.86,71.6,78,20,18.34
